{"cameraMode":{"drawMode":0,"name":"Shaded","section":"Shading Mode"},"sceneLighting":true,"audioPlay":false,"sceneViewState":{"m_AlwaysRefresh":false,"showFog":true,"showSkybox":true,"showFlares":true,"showImageEffects":true,"showParticleSystems":true,"showVisualEffectGraphs":true,"m_FxEnabled":true},"in2DMode":false,"pivot":{"x":1672.428955078125,"y":56.525142669677737,"z":1348.879638671875},"rotation":{"x":0.0052740490064024929,"y":-0.37546271085739138,"z":-0.002136404626071453,"w":-0.9268200993537903},"size":428.6388244628906,"orthographic":false}